"manufacturer","product_name","model","type","revision","date_published","file","title"
"Medtronic","Advisa MRI pacemaker","A2DR01","Clinician Manual","B","2019-08-06","M986837A001B_view.pdf","ADVISA DR MRI SURESCAN A2DR01, ADVISA SR MRI SURESCAN A3SR01"
"Medtronic","Advisa MRI pacemaker","A2DR01","Instructions for Use","A","2023-12-12","M986837A001B_view.pdf","CareLink SmartSync Viva Consulta Syncra Advisa Ensura Application Help for IPG devices"
"Medtronic","Advisa MRI pacemaker","A2DR01","Instructions for Use","A","2023-05-02","M042210C001A_view.pdf","CareLink SmartSync MRI Access Application Help"
"Medtronic","Advisa MRI pacemaker","A2DR01","Technical Manual","D","2017-06-05","CONTRIB_254598.pdf","Explanation of Symbols for IPG and CRT-P devices"
"Medtronic","Advisa MRI pacemaker","A2DR01","Addendum","A","2023-05-02","M042213C001A_view.pdf","CareLink SmartSync MRI Access Application SureScan Labeling Supplement"
"Medtronic","Advisa MRI pacemaker","A2DR01","Addendum","A","2014-01-31","CONTRIB_188506.pdf","Radio Regulatory Compliance Information"
"Medtronic","Advisa MRI pacemaker","A2DR01","MRI Technical Manual","B","2016-05-02","CONTRIB_235435.pdf","Advisa DR MRI A2DR01 and Advisa SR MRI A3SR01 SureScan Pacing Systems MRI Technical Manual"
"Medtronic","Advisa MRI pacemaker","A2DR01","Errata","A","2015-04-21","CONTRIB_216837.pdf","Errata Sheet for the Model 9995 Software for the Medtronic 2090 CareLink Programmer and CareLink Encore Programmer"
"Medtronic","Advisa MRI pacemaker","A2DR01","Warranty","G","2019-04-12","M941288A001revG.pdf","Medtronic Standard Warranty Claim Form"
"Medtronic","Advisa MRI pacemaker","A2DR01","Warranty","A","2017-04-28","CONTRIB_252003.pdf","Standard and Supplemental Warranty Claim Form"
"Medtronic","Advisa MRI pacemaker","A3SR01","Clinician Manual","B","2019-08-06","M986837A001B_view.pdf","ADVISA DR MRI SURESCAN A2DR01, ADVISA SR MRI SURESCAN A3SR01"
"Medtronic","Advisa MRI pacemaker","A3SR01","Instructions for Use","A","2023-12-12","M051307C001A_color_view.pdf","CareLink SmartSync Viva Consulta Syncra Advisa Ensura Application Help for IPG devices"
"Medtronic","Advisa MRI pacemaker","A3SR01","Instructions for Use","A","2023-05-02","M042210C001A_view.pdf","CareLink SmartSync MRI Access Application Help"
"Medtronic","Advisa MRI pacemaker","A3SR01","Technical Manual","D","2017-06-05","CONTRIB_254598.pdf","Explanation of Symbols for IPG and CRT-P devices"
"Medtronic","Advisa MRI pacemaker","A3SR01","Technical Manual","D","2017-06-05","CONTRIB_254597.pdf","Medical Procedure and EMI Warnings and Precautions for pacemakers"
"Medtronic","Advisa MRI pacemaker","A3SR01","Addendum","A","2023-05-02","M042213C001A_view.pdf","CareLink SmartSync MRI Access Application SureScan Labeling Supplement"
"Medtronic","Advisa MRI pacemaker","A3SR01","Addendum","A","2014-01-31","CONTRIB_188506.pdf","Radio Regulatory Compliance Information"
"Medtronic","Advisa MRI pacemaker","A3SR01","MRI Technical Manual","B","2016-05-02","CONTRIB_235435.pdf","Advisa DR MRI A2DR01 and Advisa SR MRI A3SR01 SureScan Pacing Systems MRI Technical Manual"
"Medtronic","Advisa MRI pacemaker","A3SR01","Errata","A","2015-04-21","CONTRIB_216837.pdf","Errata Sheet for the Model 9995 Software for the Medtronic 2090 CareLink Programmer and CareLink Encore Programmer"
"Medtronic","Advisa MRI pacemaker","A3SR01","Warranty","G","2019-04-12","M941288A001revG.pdf","Medtronic Standard Warranty Claim Form"
"Medtronic","Advisa MRI pacemaker","A3SR01","Warranty","A","2017-04-28","CONTRIB_252003.pdf","Standard and Supplemental Warranty Claim Form"
"Medtronic","Azure S DR MRI SureScan","W3DR01","Implant Manual","A","2019-11-19","M994944A001A_view.pdf","Azure S DR MRI SureScan W3DR01"
"Medtronic","Azure S DR MRI SureScan","W3DR01","Instructions for Use","A","2023-12-12","M050299C001A_color_view.pdf","CareLink SmartSync Azure Astra Application Help"
"Medtronic","Azure S DR MRI SureScan","W3DR01","Instructions for Use","A","2023-05-02","M042210C001A_view.pdf","CareLink SmartSync MRI Access Application Help"
"Medtronic","Azure S DR MRI SureScan","W3DR01","Reference Guide","B","2023-12-12","CONTRIB_260116.pdf","Azure MRI SureScan / Astra MRI SureScan"
"Medtronic","Azure S DR MRI SureScan","W3DR01","Technical Manual","D","2017-06-05","CONTRIB_254598.pdf","Explanation of Symbols for IPG and CRT-P devices"
"Medtronic","Azure S DR MRI SureScan","W3DR01","Technical Manual","D","2017-06-05","CONTRIB_254597.pdf","Medical Procedure and EMI Warnings and Precautions for pacemakers"